school,school year,number of scores,exam,mean score,median score
Ehte Humanitaargümnaasium,2013/14,36,Eesti keel teise keelena riigieksam,70.6,72
Ehte Humanitaargümnaasium,2013/14,26,Kitsa matemaatika riigieksam,27.8,22
Ehte Humanitaargümnaasium,2013/14,10,Laia matemaatika riigieksam,72.1,73
Gustav Adolfi Gümnaasium,2013/14,125,Eesti keele riigieksam,78.7,79
Gustav Adolfi Gümnaasium,2013/14,34,Kitsa matemaatika riigieksam,51.9,52
Gustav Adolfi Gümnaasium,2013/14,91,Laia matemaatika riigieksam,73.2,78
Haabersti Vene Gümnaasium,2013/14,29,Eesti keel teise keelena riigieksam,76.8,82
Haabersti Vene Gümnaasium,2013/14,16,Kitsa matemaatika riigieksam,24.9,22
Haabersti Vene Gümnaasium,2013/14,13,Laia matemaatika riigieksam,45.2,46
Jakob Westholmi Gümnaasium,2013/14,61,Eesti keele riigieksam,69.7,69
Jakob Westholmi Gümnaasium,2013/14,35,Kitsa matemaatika riigieksam,45.6,40
Jakob Westholmi Gümnaasium,2013/14,26,Laia matemaatika riigieksam,71,72
Kadrioru Saksa Gümnaasium,2013/14,70,Eesti keele riigieksam,64.5,66
Kadrioru Saksa Gümnaasium,2013/14,28,Kitsa matemaatika riigieksam,28.3,26
Kadrioru Saksa Gümnaasium,2013/14,41,Laia matemaatika riigieksam,47.9,49
Lasnamäe Gümnaasium,2013/14,55,Eesti keel teise keelena riigieksam,75.4,79
Lasnamäe Gümnaasium,2013/14,43,Kitsa matemaatika riigieksam,28.5,23
Lasnamäe Gümnaasium,2013/14,12,Laia matemaatika riigieksam,66.9,74
Lasnamäe Vene Gümnaasium,2013/14,34,Eesti keel teise keelena riigieksam,73.1,80
Lasnamäe Vene Gümnaasium,2013/14,26,Kitsa matemaatika riigieksam,21.6,18
Lasnamäe Vene Gümnaasium,2013/14,9,Laia matemaatika riigieksam,36,30
Pelgulinna Gümnaasium,2013/14,49,Eesti keele riigieksam,56.3,55
Pelgulinna Gümnaasium,2013/14,20,Kitsa matemaatika riigieksam,15.6,16
Pelgulinna Gümnaasium,2013/14,29,Laia matemaatika riigieksam,28.4,26
Pirita Majandusgümnaasium,2013/14,40,Eesti keele riigieksam,52.5,50
Pirita Majandusgümnaasium,2013/14,19,Kitsa matemaatika riigieksam,33.5,32
Pirita Majandusgümnaasium,2013/14,21,Laia matemaatika riigieksam,49.6,50
Tallinna 21. Kool,2013/14,96,Eesti keele riigieksam,73.8,76
Tallinna 21. Kool,2013/14,26,Kitsa matemaatika riigieksam,41.8,40
Tallinna 21. Kool,2013/14,70,Laia matemaatika riigieksam,59.9,60
Tallinna 32. Keskkool,2013/14,110,Eesti keele riigieksam,62.7,65
Tallinna 32. Keskkool,2013/14,53,Kitsa matemaatika riigieksam,25.5,23
Tallinna 32. Keskkool,2013/14,57,Laia matemaatika riigieksam,35.5,31
Tallinna 53. Keskkool,2013/14,42,Eesti keel teise keelena riigieksam,64.8,69
Tallinna 53. Keskkool,2013/14,27,Kitsa matemaatika riigieksam,40,39
Tallinna 53. Keskkool,2013/14,16,Laia matemaatika riigieksam,75.8,82
Tallinna Arte Gümnaasium,2013/14,61,Eesti keele riigieksam,65.3,68
Tallinna Arte Gümnaasium,2013/14,26,Kitsa matemaatika riigieksam,21.7,20
Tallinna Arte Gümnaasium,2013/14,35,Laia matemaatika riigieksam,41,40
Tallinna Humanitaargümnaasium,2013/14,37,Eesti keel teise keelena riigieksam,85.3,91
Tallinna Humanitaargümnaasium,2013/14,11,Kitsa matemaatika riigieksam,41,37
Tallinna Humanitaargümnaasium,2013/14,30,Laia matemaatika riigieksam,53.9,54
Tallinna Juudi Kool,2013/14,12,Eesti keel teise keelena riigieksam,68,65
Tallinna Juudi Kool,2013/14,6,Kitsa matemaatika riigieksam,33.5,36
Tallinna Juudi Kool,2013/14,6,Laia matemaatika riigieksam,56.7,56
Tallinna Järveotsa Gümnaasium,2013/14,29,Eesti keele riigieksam,66.9,67
Tallinna Järveotsa Gümnaasium,2013/14,7,Kitsa matemaatika riigieksam,19.3,22
Tallinna Järveotsa Gümnaasium,2013/14,22,Laia matemaatika riigieksam,39.9,38
Tallinna Kesklinna Vene Gümnaasium,2013/14,26,Eesti keel teise keelena riigieksam,67.9,68
Tallinna Kesklinna Vene Gümnaasium,2013/14,20,Kitsa matemaatika riigieksam,30.1,27
Tallinna Kesklinna Vene Gümnaasium,2013/14,11,Laia matemaatika riigieksam,66.5,72
Tallinna Kristiine Gümnaasium,2013/14,22,Eesti keele riigieksam,56,56
Tallinna Kristiine Gümnaasium,2013/14,11,Kitsa matemaatika riigieksam,27.8,25
Tallinna Kristiine Gümnaasium,2013/14,11,Laia matemaatika riigieksam,44.4,45
Tallinna Kunstigümnaasium,2013/14,21,Eesti keele riigieksam,61.1,63
Tallinna Kunstigümnaasium,2013/14,18,Kitsa matemaatika riigieksam,18.6,18
Tallinna Kuristiku Gümnaasium,2013/14,41,Eesti keele riigieksam,54.3,53
Tallinna Kuristiku Gümnaasium,2013/14,27,Kitsa matemaatika riigieksam,39.1,35
Tallinna Kuristiku Gümnaasium,2013/14,14,Laia matemaatika riigieksam,67.9,74
Tallinna Laagna Gümnaasium,2013/14,28,Eesti keele riigieksam,59.1,65
Tallinna Laagna Gümnaasium,2013/14,18,Kitsa matemaatika riigieksam,37.8,38
Tallinna Laagna Gümnaasium,2013/14,10,Laia matemaatika riigieksam,76.2,76
Tallinna Lilleküla Gümnaasium,2013/14,64,Eesti keele riigieksam,65.3,67
Tallinna Lilleküla Gümnaasium,2013/14,22,Kitsa matemaatika riigieksam,30.9,24
Tallinna Lilleküla Gümnaasium,2013/14,42,Laia matemaatika riigieksam,46.5,42
Tallinna Linnamäe Vene Lütseum,2013/14,46,Eesti keel teise keelena riigieksam,71.4,69
Tallinna Linnamäe Vene Lütseum,2013/14,18,Kitsa matemaatika riigieksam,47.4,44
Tallinna Linnamäe Vene Lütseum,2013/14,29,Laia matemaatika riigieksam,66.8,70
Tallinna Läänemere Gümnaasium,2013/14,50,Eesti keel teise keelena riigieksam,76.2,84
Tallinna Läänemere Gümnaasium,2013/14,38,Kitsa matemaatika riigieksam,27.7,24
Tallinna Läänemere Gümnaasium,2013/14,12,Laia matemaatika riigieksam,70.9,71
Tallinna Mustamäe Gümnaasium,2013/14,47,Eesti keele riigieksam,62.5,62
Tallinna Mustamäe Gümnaasium,2013/14,7,Kitsa matemaatika riigieksam,21.6,21
Tallinna Mustamäe Gümnaasium,2013/14,40,Laia matemaatika riigieksam,41.2,40
Tallinna Mustamäe Humanitaargümnaasium,2013/14,29,Eesti keel teise keelena riigieksam,86.8,92
Tallinna Mustamäe Humanitaargümnaasium,2013/14,23,Kitsa matemaatika riigieksam,40.3,35
Tallinna Mustamäe Humanitaargümnaasium,2013/14,10,Laia matemaatika riigieksam,64.8,69
Tallinna Mustamäe Reaalgümnaasium,2013/14,23,Eesti keel teise keelena riigieksam,66.6,66
Tallinna Mustamäe Reaalgümnaasium,2013/14,7,Kitsa matemaatika riigieksam,14.7,9
Tallinna Mustamäe Reaalgümnaasium,2013/14,16,Laia matemaatika riigieksam,31.7,29
Tallinna Mustjõe Gümnaasium,2013/14,54,Eesti keel teise keelena riigieksam,66.5,70
Tallinna Mustjõe Gümnaasium,2013/14,44,Kitsa matemaatika riigieksam,28.1,22
Tallinna Mustjõe Gümnaasium,2013/14,10,Laia matemaatika riigieksam,59.5,60
Tallinna Nõmme Gümnaasium,2013/14,60,Eesti keele riigieksam,65.5,65
Tallinna Nõmme Gümnaasium,2013/14,24,Kitsa matemaatika riigieksam,40.1,31
Tallinna Nõmme Gümnaasium,2013/14,37,Laia matemaatika riigieksam,51.1,50
Tallinna Pae Gümnaasium,2013/14,13,Eesti keel teise keelena riigieksam,85.3,88
Tallinna Pae Gümnaasium,2013/14,10,Kitsa matemaatika riigieksam,44,37
Tallinna Prantsuse Lütseum,2013/14,45,Eesti keele riigieksam,77.8,80
Tallinna Prantsuse Lütseum,2013/14,19,Kitsa matemaatika riigieksam,72.8,81
Tallinna Prantsuse Lütseum,2013/14,26,Laia matemaatika riigieksam,81.3,86
Tallinna Pääsküla Gümnaasium,2013/14,27,Eesti keele riigieksam,49.8,47
Tallinna Pääsküla Gümnaasium,2013/14,20,Kitsa matemaatika riigieksam,15.2,14
Tallinna Pääsküla Gümnaasium,2013/14,7,Laia matemaatika riigieksam,36.9,38
Tallinna Reaalkool,2013/14,100,Eesti keele riigieksam,79.7,81
Tallinna Reaalkool,2013/14,101,Laia matemaatika riigieksam,85.6,88
Tallinna Saksa Gümnaasium,2013/14,64,Eesti keele riigieksam,65.4,66
Tallinna Saksa Gümnaasium,2013/14,19,Kitsa matemaatika riigieksam,23.3,22
Tallinna Saksa Gümnaasium,2013/14,24,Laia matemaatika riigieksam,38.8,34
Tallinna Südalinna Kool,2013/14,24,Eesti keele riigieksam,51.4,48
Tallinna Südalinna Kool,2013/14,12,Kitsa matemaatika riigieksam,16.4,16
Tallinna Südalinna Kool,2013/14,12,Laia matemaatika riigieksam,15.2,14
Tallinna Tehnikagümnaasium,2013/14,61,Eesti keele riigieksam,61.2,62
Tallinna Tehnikagümnaasium,2013/14,60,Laia matemaatika riigieksam,44.4,39
Tallinna Tõnismäe Reaalkool,2013/14,46,Eesti keel teise keelena riigieksam,79.7,82
Tallinna Tõnismäe Reaalkool,2013/14,27,Kitsa matemaatika riigieksam,53.9,54
Tallinna Tõnismäe Reaalkool,2013/14,24,Laia matemaatika riigieksam,72.8,78
Tallinna Õismäe Gümnaasium,2013/14,54,Eesti keele riigieksam,60.5,62
Tallinna Õismäe Gümnaasium,2013/14,22,Kitsa matemaatika riigieksam,24.6,24
Tallinna Õismäe Gümnaasium,2013/14,32,Laia matemaatika riigieksam,52.8,52
Tallinna Õismäe Vene Lütseum,2013/14,39,Eesti keel teise keelena riigieksam,82.5,85
Tallinna Õismäe Vene Lütseum,2013/14,18,Kitsa matemaatika riigieksam,33.1,33
Tallinna Õismäe Vene Lütseum,2013/14,25,Laia matemaatika riigieksam,65.4,75
Tallinna Ühisgümnaasium,2013/14,64,Eesti keele riigieksam,65.8,68
Tallinna Ühisgümnaasium,2013/14,38,Kitsa matemaatika riigieksam,39.7,38
Tallinna Ühisgümnaasium,2013/14,26,Laia matemaatika riigieksam,50.9,47
Vanalinna Hariduskolleegium,2013/14,91,Eesti keele riigieksam,68,70
Vanalinna Hariduskolleegium,2013/14,39,Kitsa matemaatika riigieksam,48.3,41
Vanalinna Hariduskolleegium,2013/14,51,Laia matemaatika riigieksam,68.3,73
Ehte Humanitaargümnaasium,2014/15,50,Eesti keel teise keelena riigieksam,65.3,64
Ehte Humanitaargümnaasium,2014/15,34,Kitsa matemaatika riigieksam,38.5,35
Ehte Humanitaargümnaasium,2014/15,17,Laia matemaatika riigieksam,49.5,48
Gustav Adolfi Gümnaasium,2014/15,131,Eesti keele riigieksam,75,77
Gustav Adolfi Gümnaasium,2014/15,15,Kitsa matemaatika riigieksam,58.1,55
Gustav Adolfi Gümnaasium,2014/15,115,Laia matemaatika riigieksam,68.4,70
Haabersti Vene Gümnaasium,2014/15,38,Eesti keel teise keelena riigieksam,79,85
Haabersti Vene Gümnaasium,2014/15,7,Kitsa matemaatika riigieksam,44.1,41
Haabersti Vene Gümnaasium,2014/15,23,Laia matemaatika riigieksam,55.7,58
Jakob Westholmi Gümnaasium,2014/15,64,Eesti keele riigieksam,67.6,67
Jakob Westholmi Gümnaasium,2014/15,15,Kitsa matemaatika riigieksam,46.4,34
Jakob Westholmi Gümnaasium,2014/15,48,Laia matemaatika riigieksam,55.4,56
Kadrioru Saksa Gümnaasium,2014/15,40,Eesti keele riigieksam,71.7,72
Kadrioru Saksa Gümnaasium,2014/15,40,Laia matemaatika riigieksam,29.6,25
Lasnamäe Gümnaasium,2014/15,49,Eesti keel teise keelena riigieksam,68.5,70
Lasnamäe Gümnaasium,2014/15,29,Kitsa matemaatika riigieksam,36.9,30
Lasnamäe Gümnaasium,2014/15,21,Laia matemaatika riigieksam,53.2,59
Lasnamäe Vene Gümnaasium,2014/15,41,Eesti keel teise keelena riigieksam,68.5,73
Lasnamäe Vene Gümnaasium,2014/15,23,Kitsa matemaatika riigieksam,32.3,31
Lasnamäe Vene Gümnaasium,2014/15,21,Laia matemaatika riigieksam,40.2,34
Pelgulinna Gümnaasium,2014/15,48,Eesti keele riigieksam,51,50
Pelgulinna Gümnaasium,2014/15,11,Kitsa matemaatika riigieksam,23,17
Pelgulinna Gümnaasium,2014/15,37,Laia matemaatika riigieksam,18.6,14
Pirita Majandusgümnaasium,2014/15,48,Eesti keele riigieksam,58.9,56
Pirita Majandusgümnaasium,2014/15,17,Kitsa matemaatika riigieksam,29.6,26
Pirita Majandusgümnaasium,2014/15,31,Laia matemaatika riigieksam,31.4,28
Tallinna 21. Kool,2014/15,94,Eesti keele riigieksam,71.6,75
Tallinna 21. Kool,2014/15,13,Kitsa matemaatika riigieksam,49.2,49
Tallinna 21. Kool,2014/15,81,Laia matemaatika riigieksam,53.3,58
Tallinna 32. Keskkool,2014/15,114,Eesti keele riigieksam,61.7,62
Tallinna 32. Keskkool,2014/15,31,Kitsa matemaatika riigieksam,32.9,33
Tallinna 32. Keskkool,2014/15,84,Laia matemaatika riigieksam,38.2,35
Tallinna 53. Keskkool,2014/15,24,Eesti keel teise keelena riigieksam,81.8,86
Tallinna 53. Keskkool,2014/15,14,Kitsa matemaatika riigieksam,29.4,27
Tallinna 53. Keskkool,2014/15,11,Laia matemaatika riigieksam,60.6,58
Tallinna Arte Gümnaasium,2014/15,54,Eesti keele riigieksam,46.7,46
Tallinna Arte Gümnaasium,2014/15,32,Kitsa matemaatika riigieksam,26.4,24
Tallinna Arte Gümnaasium,2014/15,22,Laia matemaatika riigieksam,36.2,37
Tallinna Humanitaargümnaasium,2014/15,48,Eesti keel teise keelena riigieksam,91.2,94
Tallinna Humanitaargümnaasium,2014/15,46,Laia matemaatika riigieksam,49.6,48
Tallinna Juudi Kool,2014/15,17,Eesti keel teise keelena riigieksam,81.2,80
Tallinna Juudi Kool,2014/15,13,Kitsa matemaatika riigieksam,38.6,35
Tallinna Juudi Kool,2014/15,5,Laia matemaatika riigieksam,57.2,48
Tallinna Järveotsa Gümnaasium,2014/15,26,Eesti keele riigieksam,57.1,56
Tallinna Järveotsa Gümnaasium,2014/15,9,Kitsa matemaatika riigieksam,44.9,44
Tallinna Järveotsa Gümnaasium,2014/15,17,Laia matemaatika riigieksam,39.8,29
Tallinna Kesklinna Vene Gümnaasium,2014/15,45,Eesti keel teise keelena riigieksam,72.2,77
Tallinna Kesklinna Vene Gümnaasium,2014/15,21,Kitsa matemaatika riigieksam,49.5,45
Tallinna Kesklinna Vene Gümnaasium,2014/15,29,Laia matemaatika riigieksam,62.6,62
Tallinna Kristiine Gümnaasium,2014/15,42,Eesti keele riigieksam,60.3,62
Tallinna Kristiine Gümnaasium,2014/15,21,Kitsa matemaatika riigieksam,33.5,26
Tallinna Kristiine Gümnaasium,2014/15,21,Laia matemaatika riigieksam,46.3,48
Tallinna Kunstigümnaasium,2014/15,27,Eesti keele riigieksam,53,52
Tallinna Kunstigümnaasium,2014/15,17,Kitsa matemaatika riigieksam,24.5,21
Tallinna Kunstigümnaasium,2014/15,10,Laia matemaatika riigieksam,32.4,22
Tallinna Kuristiku Gümnaasium,2014/15,42,Eesti keele riigieksam,59.8,61
Tallinna Kuristiku Gümnaasium,2014/15,22,Kitsa matemaatika riigieksam,44.5,44
Tallinna Kuristiku Gümnaasium,2014/15,21,Laia matemaatika riigieksam,63.9,60
Tallinna Laagna Gümnaasium,2014/15,31,Eesti keele riigieksam,52.2,52
Tallinna Laagna Gümnaasium,2014/15,22,Kitsa matemaatika riigieksam,42.2,42
Tallinna Laagna Gümnaasium,2014/15,12,Laia matemaatika riigieksam,51.4,52
Tallinna Lilleküla Gümnaasium,2014/15,64,Eesti keele riigieksam,67.3,69
Tallinna Lilleküla Gümnaasium,2014/15,25,Kitsa matemaatika riigieksam,37,34
Tallinna Lilleküla Gümnaasium,2014/15,40,Laia matemaatika riigieksam,51,51
Tallinna Linnamäe Vene Lütseum,2014/15,44,Eesti keel teise keelena riigieksam,85.4,89
Tallinna Linnamäe Vene Lütseum,2014/15,15,Kitsa matemaatika riigieksam,65.5,62
Tallinna Linnamäe Vene Lütseum,2014/15,30,Laia matemaatika riigieksam,66.7,67
Tallinna Läänemere Gümnaasium,2014/15,45,Eesti keel teise keelena riigieksam,74.9,82
Tallinna Läänemere Gümnaasium,2014/15,28,Kitsa matemaatika riigieksam,40.5,40
Tallinna Läänemere Gümnaasium,2014/15,17,Laia matemaatika riigieksam,65.5,69
Tallinna Mustamäe Gümnaasium,2014/15,41,Eesti keele riigieksam,69,69
Tallinna Mustamäe Gümnaasium,2014/15,37,Laia matemaatika riigieksam,48.1,49
Tallinna Mustamäe Humanitaargümnaasium,2014/15,36,Eesti keel teise keelena riigieksam,90.7,93
Tallinna Mustamäe Humanitaargümnaasium,2014/15,19,Kitsa matemaatika riigieksam,47.1,44
Tallinna Mustamäe Humanitaargümnaasium,2014/15,22,Laia matemaatika riigieksam,52.7,52
Tallinna Mustamäe Reaalgümnaasium,2014/15,45,Eesti keel teise keelena riigieksam,71,73
Tallinna Mustamäe Reaalgümnaasium,2014/15,18,Kitsa matemaatika riigieksam,28.7,30
Tallinna Mustamäe Reaalgümnaasium,2014/15,27,Laia matemaatika riigieksam,46.7,46
Tallinna Mustjõe Gümnaasium,2014/15,37,Eesti keel teise keelena riigieksam,64.5,69
Tallinna Mustjõe Gümnaasium,2014/15,29,Kitsa matemaatika riigieksam,31.7,27
Tallinna Mustjõe Gümnaasium,2014/15,8,Laia matemaatika riigieksam,51.1,34
Tallinna Nõmme Gümnaasium,2014/15,63,Eesti keele riigieksam,67.6,68
Tallinna Nõmme Gümnaasium,2014/15,17,Kitsa matemaatika riigieksam,55.1,55
Tallinna Nõmme Gümnaasium,2014/15,46,Laia matemaatika riigieksam,51,48
Tallinna Pae Gümnaasium,2014/15,7,Eesti keel teise keelena riigieksam,83.3,85
Tallinna Pae Gümnaasium,2014/15,12,Laia matemaatika riigieksam,56.3,56
Tallinna Prantsuse Lütseum,2014/15,56,Eesti keele riigieksam,84.1,86
Tallinna Prantsuse Lütseum,2014/15,20,Kitsa matemaatika riigieksam,77.2,80
Tallinna Prantsuse Lütseum,2014/15,36,Laia matemaatika riigieksam,77.8,80
Tallinna Pääsküla Gümnaasium,2014/15,35,Eesti keele riigieksam,51.1,51
Tallinna Pääsküla Gümnaasium,2014/15,22,Kitsa matemaatika riigieksam,24.3,26
Tallinna Pääsküla Gümnaasium,2014/15,14,Laia matemaatika riigieksam,34.2,24
Tallinna Reaalkool,2014/15,107,Eesti keele riigieksam,79.5,82
Tallinna Reaalkool,2014/15,106,Laia matemaatika riigieksam,83.9,87
Tallinna Saksa Gümnaasium,2014/15,59,Eesti keele riigieksam,57.2,60
Tallinna Saksa Gümnaasium,2014/15,17,Kitsa matemaatika riigieksam,26,25
Tallinna Saksa Gümnaasium,2014/15,22,Laia matemaatika riigieksam,23.2,20
Tallinna Südalinna Kool,2014/15,11,Eesti keele riigieksam,55.1,55
Tallinna Südalinna Kool,2014/15,7,Kitsa matemaatika riigieksam,24.9,25
Tallinna Tehnikagümnaasium,2014/15,56,Eesti keele riigieksam,58.3,58
Tallinna Tehnikagümnaasium,2014/15,56,Laia matemaatika riigieksam,35.3,32
Tallinna Tõnismäe Reaalkool,2014/15,26,Eesti keel teise keelena riigieksam,84.3,87
Tallinna Tõnismäe Reaalkool,2014/15,11,Kitsa matemaatika riigieksam,66.1,69
Tallinna Tõnismäe Reaalkool,2014/15,20,Laia matemaatika riigieksam,73.7,76
Tallinna Õismäe Gümnaasium,2014/15,34,Eesti keele riigieksam,55.3,60
Tallinna Õismäe Gümnaasium,2014/15,30,Laia matemaatika riigieksam,39.3,34
Tallinna Õismäe Vene Lütseum,2014/15,36,Eesti keel teise keelena riigieksam,84.3,86
Tallinna Õismäe Vene Lütseum,2014/15,11,Kitsa matemaatika riigieksam,57.1,51
Tallinna Õismäe Vene Lütseum,2014/15,34,Laia matemaatika riigieksam,53.4,54
Tallinna Ühisgümnaasium,2014/15,71,Eesti keele riigieksam,63.4,63
Tallinna Ühisgümnaasium,2014/15,20,Kitsa matemaatika riigieksam,48.9,52
Tallinna Ühisgümnaasium,2014/15,50,Laia matemaatika riigieksam,41,38
Vanalinna Hariduskolleegium,2014/15,84,Eesti keele riigieksam,67.5,70
Vanalinna Hariduskolleegium,2014/15,20,Kitsa matemaatika riigieksam,37.4,42
Vanalinna Hariduskolleegium,2014/15,64,Laia matemaatika riigieksam,57.8,58
Ehte Humanitaargümnaasium,2015/16,43,Eesti keel teise keelena riigieksam,72.5,73
Ehte Humanitaargümnaasium,2015/16,17,Kitsa matemaatika riigieksam,48.1,49
Ehte Humanitaargümnaasium,2015/16,27,Laia matemaatika riigieksam,54.6,51
Gustav Adolfi Gümnaasium,2015/16,131,Eesti keele riigieksam,80.1,81
Gustav Adolfi Gümnaasium,2015/16,10,Kitsa matemaatika riigieksam,78.2,82
Gustav Adolfi Gümnaasium,2015/16,121,Laia matemaatika riigieksam,73.5,78
Haabersti Vene Gümnaasium,2015/16,33,Eesti keel teise keelena riigieksam,69.4,75
Haabersti Vene Gümnaasium,2015/16,6,Kitsa matemaatika riigieksam,13.5,13.5
Haabersti Vene Gümnaasium,2015/16,27,Laia matemaatika riigieksam,30,22
Jakob Westholmi Gümnaasium,2015/16,57,Eesti keele riigieksam,73.5,74
Jakob Westholmi Gümnaasium,2015/16,29,Kitsa matemaatika riigieksam,56,53
Jakob Westholmi Gümnaasium,2015/16,28,Laia matemaatika riigieksam,70.2,74
Kadrioru Saksa Gümnaasium,2015/16,59,Eesti keele riigieksam,66.3,67
Kadrioru Saksa Gümnaasium,2015/16,10,Kitsa matemaatika riigieksam,52.4,50
Kadrioru Saksa Gümnaasium,2015/16,48,Laia matemaatika riigieksam,49.5,51.5
Lasnamäe Gümnaasium,2015/16,40,Eesti keel teise keelena riigieksam,72.5,75.5
Lasnamäe Gümnaasium,2015/16,13,Kitsa matemaatika riigieksam,40.4,35
Lasnamäe Gümnaasium,2015/16,30,Laia matemaatika riigieksam,48,48.5
Lasnamäe Vene Gümnaasium,2015/16,35,Eesti keel teise keelena riigieksam,63.6,62
Lasnamäe Vene Gümnaasium,2015/16,24,Kitsa matemaatika riigieksam,41.6,43.5
Lasnamäe Vene Gümnaasium,2015/16,12,Laia matemaatika riigieksam,56.8,62
Pelgulinna Gümnaasium,2015/16,55,Eesti keele riigieksam,54.4,54
Pelgulinna Gümnaasium,2015/16,18,Kitsa matemaatika riigieksam,21.4,18.5
Pelgulinna Gümnaasium,2015/16,36,Laia matemaatika riigieksam,28,21.5
Pirita Majandusgümnaasium,2015/16,39,Eesti keele riigieksam,54.6,55
Pirita Majandusgümnaasium,2015/16,12,Kitsa matemaatika riigieksam,36.7,35.5
Pirita Majandusgümnaasium,2015/16,27,Laia matemaatika riigieksam,31.6,28
Tallinna 21. Kool,2015/16,86,Eesti keele riigieksam,75.5,76.5
Tallinna 21. Kool,2015/16,22,Kitsa matemaatika riigieksam,66.3,70.5
Tallinna 21. Kool,2015/16,64,Laia matemaatika riigieksam,68.5,70
Tallinna 32. Keskkool,2015/16,106,Eesti keele riigieksam,66.4,68.5
Tallinna 32. Keskkool,2015/16,28,Kitsa matemaatika riigieksam,38.8,30
Tallinna 32. Keskkool,2015/16,77,Laia matemaatika riigieksam,43.3,43
Tallinna 53. Keskkool,2015/16,40,Eesti keel teise keelena riigieksam,73.8,77
Tallinna 53. Keskkool,2015/16,20,Kitsa matemaatika riigieksam,35.6,33
Tallinna 53. Keskkool,2015/16,21,Laia matemaatika riigieksam,63.5,66
Tallinna Arte Gümnaasium,2015/16,49,Eesti keele riigieksam,57.7,61
Tallinna Arte Gümnaasium,2015/16,26,Kitsa matemaatika riigieksam,36.1,32
Tallinna Arte Gümnaasium,2015/16,23,Laia matemaatika riigieksam,51.3,49
Tallinna Humanitaargümnaasium,2015/16,38,Eesti keel teise keelena riigieksam,90.1,92
Tallinna Humanitaargümnaasium,2015/16,7,Kitsa matemaatika riigieksam,55.6,59
Tallinna Humanitaargümnaasium,2015/16,36,Laia matemaatika riigieksam,53.2,56
Tallinna Juudi Kool,2015/16,13,Eesti keel teise keelena riigieksam,83.2,83
Tallinna Juudi Kool,2015/16,10,Kitsa matemaatika riigieksam,53.3,50.5
Tallinna Järveotsa Gümnaasium,2015/16,32,Eesti keele riigieksam,54.7,50.5
Tallinna Järveotsa Gümnaasium,2015/16,17,Kitsa matemaatika riigieksam,31.6,28
Tallinna Järveotsa Gümnaasium,2015/16,15,Laia matemaatika riigieksam,48,51
Tallinna Kesklinna Vene Gümnaasium,2015/16,42,Eesti keel teise keelena riigieksam,78,80
Tallinna Kesklinna Vene Gümnaasium,2015/16,29,Kitsa matemaatika riigieksam,57.1,55
Tallinna Kesklinna Vene Gümnaasium,2015/16,22,Laia matemaatika riigieksam,76.3,83.5
Tallinna Kristiine Gümnaasium,2015/16,32,Eesti keele riigieksam,68.8,69.5
Tallinna Kristiine Gümnaasium,2015/16,17,Kitsa matemaatika riigieksam,62.6,69
Tallinna Kristiine Gümnaasium,2015/16,15,Laia matemaatika riigieksam,76.4,78
Tallinna Kunstigümnaasium,2015/16,21,Eesti keele riigieksam,58.5,63
Tallinna Kunstigümnaasium,2015/16,11,Kitsa matemaatika riigieksam,17,17
Tallinna Kunstigümnaasium,2015/16,10,Laia matemaatika riigieksam,20.6,16
Tallinna Kuristiku Gümnaasium,2015/16,34,Eesti keele riigieksam,57.4,57
Tallinna Kuristiku Gümnaasium,2015/16,15,Kitsa matemaatika riigieksam,40.5,37
Tallinna Kuristiku Gümnaasium,2015/16,19,Laia matemaatika riigieksam,64.8,72
Tallinna Laagna Gümnaasium,2015/16,32,Eesti keele riigieksam,46.4,43.5
Tallinna Laagna Gümnaasium,2015/16,17,Kitsa matemaatika riigieksam,35.9,38
Tallinna Laagna Gümnaasium,2015/16,15,Laia matemaatika riigieksam,39.1,30
Tallinna Lilleküla Gümnaasium,2015/16,82,Eesti keele riigieksam,65.5,65
Tallinna Lilleküla Gümnaasium,2015/16,28,Kitsa matemaatika riigieksam,37.9,35.5
Tallinna Lilleküla Gümnaasium,2015/16,53,Laia matemaatika riigieksam,49.7,54
Tallinna Linnamäe Vene Lütseum,2015/16,48,Eesti keel teise keelena riigieksam,83.8,86
Tallinna Linnamäe Vene Lütseum,2015/16,17,Kitsa matemaatika riigieksam,67.9,79
Tallinna Linnamäe Vene Lütseum,2015/16,33,Laia matemaatika riigieksam,72.7,71
Tallinna Läänemere Gümnaasium,2015/16,33,Eesti keel teise keelena riigieksam,83.5,90
Tallinna Läänemere Gümnaasium,2015/16,20,Kitsa matemaatika riigieksam,63.2,62
Tallinna Läänemere Gümnaasium,2015/16,14,Laia matemaatika riigieksam,79.6,83.5
Tallinna Mustamäe Gümnaasium,2015/16,46,Eesti keele riigieksam,72.5,72
Tallinna Mustamäe Gümnaasium,2015/16,16,Kitsa matemaatika riigieksam,32.4,31
Tallinna Mustamäe Gümnaasium,2015/16,30,Laia matemaatika riigieksam,55.5,54.5
Tallinna Mustamäe Humanitaargümnaasium,2015/16,23,Eesti keel teise keelena riigieksam,87,90
Tallinna Mustamäe Humanitaargümnaasium,2015/16,20,Kitsa matemaatika riigieksam,55.2,57.5
Tallinna Mustamäe Humanitaargümnaasium,2015/16,12,Laia matemaatika riigieksam,57.8,50
Tallinna Mustamäe Reaalgümnaasium,2015/16,37,Eesti keel teise keelena riigieksam,67.2,70
Tallinna Mustamäe Reaalgümnaasium,2015/16,8,Kitsa matemaatika riigieksam,23.5,15
Tallinna Mustamäe Reaalgümnaasium,2015/16,29,Laia matemaatika riigieksam,40.2,36
Tallinna Mustjõe Gümnaasium,2015/16,12,Eesti keel teise keelena riigieksam,60.7,59.5
Tallinna Mustjõe Gümnaasium,2015/16,7,Kitsa matemaatika riigieksam,41.3,51
Tallinna Mustjõe Gümnaasium,2015/16,5,Laia matemaatika riigieksam,66,75
Tallinna Nõmme Gümnaasium,2015/16,74,Eesti keele riigieksam,60.8,60
Tallinna Nõmme Gümnaasium,2015/16,26,Kitsa matemaatika riigieksam,41.5,37.5
Tallinna Nõmme Gümnaasium,2015/16,48,Laia matemaatika riigieksam,55.8,53.5
Tallinna Pae Gümnaasium,2015/16,25,Eesti keel teise keelena riigieksam,76.1,77
Tallinna Pae Gümnaasium,2015/16,20,Kitsa matemaatika riigieksam,50.6,41
Tallinna Pae Gümnaasium,2015/16,7,Laia matemaatika riigieksam,80.4,78
Tallinna Prantsuse Lütseum,2015/16,51,Eesti keele riigieksam,79.7,82
Tallinna Prantsuse Lütseum,2015/16,15,Kitsa matemaatika riigieksam,90.3,91
Tallinna Prantsuse Lütseum,2015/16,36,Laia matemaatika riigieksam,85.3,88
Tallinna Pääsküla Gümnaasium,2015/16,32,Eesti keele riigieksam,49.6,47
Tallinna Pääsküla Gümnaasium,2015/16,20,Kitsa matemaatika riigieksam,22.1,17
Tallinna Pääsküla Gümnaasium,2015/16,12,Laia matemaatika riigieksam,22.2,18
Tallinna Reaalkool,2015/16,105,Eesti keele riigieksam,79,80
Tallinna Reaalkool,2015/16,106,Laia matemaatika riigieksam,88.1,90
Tallinna Saksa Gümnaasium,2015/16,60,Eesti keele riigieksam,69.9,72
Tallinna Saksa Gümnaasium,2015/16,15,Kitsa matemaatika riigieksam,34.2,22
Tallinna Saksa Gümnaasium,2015/16,22,Laia matemaatika riigieksam,33.4,29.5
Tallinna Tehnikagümnaasium,2015/16,56,Eesti keele riigieksam,58,56.5
Tallinna Tehnikagümnaasium,2015/16,56,Laia matemaatika riigieksam,38.4,35.5
Tallinna Tõnismäe Reaalkool,2015/16,43,Eesti keel teise keelena riigieksam,82,84
Tallinna Tõnismäe Reaalkool,2015/16,20,Kitsa matemaatika riigieksam,50.6,49.5
Tallinna Tõnismäe Reaalkool,2015/16,28,Laia matemaatika riigieksam,72.8,79.5
Tallinna Õismäe Gümnaasium,2015/16,40,Eesti keele riigieksam,63.1,63
Tallinna Õismäe Gümnaasium,2015/16,9,Kitsa matemaatika riigieksam,45.4,46
Tallinna Õismäe Gümnaasium,2015/16,31,Laia matemaatika riigieksam,44.3,40
Tallinna Õismäe Vene Lütseum,2015/16,46,Eesti keel teise keelena riigieksam,79.9,84
Tallinna Õismäe Vene Lütseum,2015/16,14,Kitsa matemaatika riigieksam,56,54
Tallinna Õismäe Vene Lütseum,2015/16,38,Laia matemaatika riigieksam,58.3,52.5
Tallinna Ühisgümnaasium,2015/16,83,Eesti keele riigieksam,69.8,70
Tallinna Ühisgümnaasium,2015/16,41,Kitsa matemaatika riigieksam,58.6,62
Tallinna Ühisgümnaasium,2015/16,42,Laia matemaatika riigieksam,65.2,66
Vanalinna Hariduskolleegium,2015/16,91,Eesti keele riigieksam,70.7,72
Vanalinna Hariduskolleegium,2015/16,26,Kitsa matemaatika riigieksam,39.5,38
Vanalinna Hariduskolleegium,2015/16,66,Laia matemaatika riigieksam,55.7,57.5
Ehte Humanitaargümnaasium,2016/17,26,Eesti keel teise keelena riigieksam,76.3,82.5
Ehte Humanitaargümnaasium,2016/17,10,Kitsa matemaatika riigieksam,49.4,39.5
Ehte Humanitaargümnaasium,2016/17,18,Laia matemaatika riigieksam,58.1,60
Gustav Adolfi Gümnaasium,2016/17,125,Eesti keele riigieksam,77.9,78
Gustav Adolfi Gümnaasium,2016/17,21,Kitsa matemaatika riigieksam,73.1,75
Gustav Adolfi Gümnaasium,2016/17,104,Laia matemaatika riigieksam,65.6,70.5
Haabersti Vene Gümnaasium,2016/17,36,Eesti keel teise keelena riigieksam,54.5,54
Haabersti Vene Gümnaasium,2016/17,7,Kitsa matemaatika riigieksam,28,19
Haabersti Vene Gümnaasium,2016/17,29,Laia matemaatika riigieksam,15.2,7
Jakob Westholmi Gümnaasium,2016/17,61,Eesti keele riigieksam,69.9,71
Jakob Westholmi Gümnaasium,2016/17,41,Kitsa matemaatika riigieksam,64.9,66
Jakob Westholmi Gümnaasium,2016/17,20,Laia matemaatika riigieksam,66.3,73
Kadrioru Saksa Gümnaasium,2016/17,52,Eesti keele riigieksam,69.1,72
Kadrioru Saksa Gümnaasium,2016/17,5,Kitsa matemaatika riigieksam,65.8,67
Kadrioru Saksa Gümnaasium,2016/17,47,Laia matemaatika riigieksam,58.6,58
Lasnamäe Gümnaasium,2016/17,34,Eesti keel teise keelena riigieksam,75.2,74
Lasnamäe Gümnaasium,2016/17,23,Kitsa matemaatika riigieksam,38.1,30
Lasnamäe Gümnaasium,2016/17,11,Laia matemaatika riigieksam,57.8,58
Lasnamäe Vene Gümnaasium,2016/17,39,Eesti keel teise keelena riigieksam,62.3,63
Lasnamäe Vene Gümnaasium,2016/17,33,Kitsa matemaatika riigieksam,38.8,33
Lasnamäe Vene Gümnaasium,2016/17,6,Laia matemaatika riigieksam,51.7,48
Pelgulinna Gümnaasium,2016/17,47,Eesti keele riigieksam,52.5,51
Pelgulinna Gümnaasium,2016/17,15,Kitsa matemaatika riigieksam,16.1,17
Pelgulinna Gümnaasium,2016/17,31,Laia matemaatika riigieksam,21.2,11
Pirita Majandusgümnaasium,2016/17,39,Eesti keele riigieksam,56.6,58
Pirita Majandusgümnaasium,2016/17,8,Kitsa matemaatika riigieksam,39.6,33
Pirita Majandusgümnaasium,2016/17,31,Laia matemaatika riigieksam,25.7,19
Tallinna 21. Kool,2016/17,98,Eesti keele riigieksam,76.2,76.5
Tallinna 21. Kool,2016/17,47,Kitsa matemaatika riigieksam,62,60
Tallinna 21. Kool,2016/17,51,Laia matemaatika riigieksam,71.5,74
Tallinna 32. Keskkool,2016/17,114,Eesti keele riigieksam,65.5,67
Tallinna 32. Keskkool,2016/17,42,Kitsa matemaatika riigieksam,37.5,34
Tallinna 32. Keskkool,2016/17,71,Laia matemaatika riigieksam,43.9,44
Tallinna 53. Keskkool,2016/17,35,Eesti keel teise keelena riigieksam,71.3,74
Tallinna 53. Keskkool,2016/17,17,Kitsa matemaatika riigieksam,21.8,18
Tallinna 53. Keskkool,2016/17,18,Laia matemaatika riigieksam,47.2,44.5
Tallinna Arte Gümnaasium,2016/17,47,Eesti keele riigieksam,56.2,61
Tallinna Arte Gümnaasium,2016/17,26,Kitsa matemaatika riigieksam,31.2,27
Tallinna Arte Gümnaasium,2016/17,24,Laia matemaatika riigieksam,46.2,53
Tallinna Humanitaargümnaasium,2016/17,44,Eesti keel teise keelena riigieksam,92.4,94
Tallinna Humanitaargümnaasium,2016/17,20,Kitsa matemaatika riigieksam,55.4,53.5
Tallinna Humanitaargümnaasium,2016/17,25,Laia matemaatika riigieksam,69.4,68
Tallinna Juudi Kool,2016/17,15,Eesti keel teise keelena riigieksam,79.5,88
Tallinna Juudi Kool,2016/17,9,Kitsa matemaatika riigieksam,43.4,46
Tallinna Juudi Kool,2016/17,6,Laia matemaatika riigieksam,76.3,78.5
Tallinna Järveotsa Gümnaasium,2016/17,26,Eesti keele riigieksam,56.3,51
Tallinna Järveotsa Gümnaasium,2016/17,17,Kitsa matemaatika riigieksam,34.5,24
Tallinna Järveotsa Gümnaasium,2016/17,9,Laia matemaatika riigieksam,33,40
Tallinna Kesklinna Vene Gümnaasium,2016/17,45,Eesti keel teise keelena riigieksam,72.1,77
Tallinna Kesklinna Vene Gümnaasium,2016/17,38,Kitsa matemaatika riigieksam,56,62
Tallinna Kesklinna Vene Gümnaasium,2016/17,9,Laia matemaatika riigieksam,87.9,91
Tallinna Kristiine Gümnaasium,2016/17,34,Eesti keele riigieksam,56.7,60
Tallinna Kristiine Gümnaasium,2016/17,15,Kitsa matemaatika riigieksam,41.3,44
Tallinna Kristiine Gümnaasium,2016/17,19,Laia matemaatika riigieksam,40,41
Tallinna Kunstigümnaasium,2016/17,20,Eesti keele riigieksam,45,41.5
Tallinna Kunstigümnaasium,2016/17,10,Kitsa matemaatika riigieksam,31.2,22.5
Tallinna Kunstigümnaasium,2016/17,10,Laia matemaatika riigieksam,10.1,5
Tallinna Kuristiku Gümnaasium,2016/17,28,Eesti keele riigieksam,58.2,56.5
Tallinna Kuristiku Gümnaasium,2016/17,19,Kitsa matemaatika riigieksam,42.8,41
Tallinna Kuristiku Gümnaasium,2016/17,9,Laia matemaatika riigieksam,72.8,78
Tallinna Laagna Gümnaasium,2016/17,42,Eesti keele riigieksam,58.3,56.5
Tallinna Laagna Gümnaasium,2016/17,26,Kitsa matemaatika riigieksam,49.6,47.5
Tallinna Laagna Gümnaasium,2016/17,16,Laia matemaatika riigieksam,59.8,53.5
Tallinna Lilleküla Gümnaasium,2016/17,62,Eesti keele riigieksam,64.5,65
Tallinna Lilleküla Gümnaasium,2016/17,15,Kitsa matemaatika riigieksam,42.9,41
Tallinna Lilleküla Gümnaasium,2016/17,47,Laia matemaatika riigieksam,50,49
Tallinna Linnamäe Vene Lütseum,2016/17,39,Eesti keel teise keelena riigieksam,85.7,86
Tallinna Linnamäe Vene Lütseum,2016/17,19,Kitsa matemaatika riigieksam,65.2,62
Tallinna Linnamäe Vene Lütseum,2016/17,21,Laia matemaatika riigieksam,70.7,74
Tallinna Läänemere Gümnaasium,2016/17,36,Eesti keel teise keelena riigieksam,86,91.5
Tallinna Läänemere Gümnaasium,2016/17,21,Kitsa matemaatika riigieksam,44,44
Tallinna Läänemere Gümnaasium,2016/17,15,Laia matemaatika riigieksam,78.7,80
Tallinna Mustamäe Gümnaasium,2016/17,58,Eesti keele riigieksam,61.4,61.5
Tallinna Mustamäe Gümnaasium,2016/17,12,Kitsa matemaatika riigieksam,43.1,38.5
Tallinna Mustamäe Gümnaasium,2016/17,46,Laia matemaatika riigieksam,36.6,35
Tallinna Mustamäe Humanitaargümnaasium,2016/17,38,Eesti keel teise keelena riigieksam,90.8,92.5
Tallinna Mustamäe Humanitaargümnaasium,2016/17,22,Kitsa matemaatika riigieksam,42.4,38
Tallinna Mustamäe Humanitaargümnaasium,2016/17,23,Laia matemaatika riigieksam,60.8,69
Tallinna Mustamäe Reaalgümnaasium,2016/17,20,Eesti keel teise keelena riigieksam,66.6,69.5
Tallinna Mustamäe Reaalgümnaasium,2016/17,10,Kitsa matemaatika riigieksam,41.9,42.5
Tallinna Mustamäe Reaalgümnaasium,2016/17,11,Laia matemaatika riigieksam,34.6,35
Tallinna Mustjõe Gümnaasium,2016/17,27,Eesti keel teise keelena riigieksam,62.8,65
Tallinna Mustjõe Gümnaasium,2016/17,23,Kitsa matemaatika riigieksam,27.6,23
Tallinna Nõmme Gümnaasium,2016/17,67,Eesti keele riigieksam,62.6,63
Tallinna Nõmme Gümnaasium,2016/17,17,Kitsa matemaatika riigieksam,43,40
Tallinna Nõmme Gümnaasium,2016/17,50,Laia matemaatika riigieksam,60.5,61
Tallinna Pae Gümnaasium,2016/17,31,Eesti keel teise keelena riigieksam,77.9,84
Tallinna Pae Gümnaasium,2016/17,25,Kitsa matemaatika riigieksam,51.1,51
Tallinna Pae Gümnaasium,2016/17,7,Laia matemaatika riigieksam,54.7,58
Tallinna Prantsuse Lütseum,2016/17,50,Eesti keele riigieksam,81,84
Tallinna Prantsuse Lütseum,2016/17,19,Kitsa matemaatika riigieksam,80.3,83
Tallinna Prantsuse Lütseum,2016/17,32,Laia matemaatika riigieksam,83.9,87
Tallinna Reaalkool,2016/17,106,Eesti keele riigieksam,83.7,85
Tallinna Reaalkool,2016/17,106,Laia matemaatika riigieksam,89.3,91
Tallinna Saksa Gümnaasium,2016/17,68,Eesti keele riigieksam,65.6,66.5
Tallinna Saksa Gümnaasium,2016/17,14,Kitsa matemaatika riigieksam,30.8,26
Tallinna Saksa Gümnaasium,2016/17,31,Laia matemaatika riigieksam,27.3,18
Tallinna Tehnikagümnaasium,2016/17,49,Eesti keele riigieksam,59.7,60
Tallinna Tehnikagümnaasium,2016/17,47,Laia matemaatika riigieksam,28.7,26
Tallinna Tõnismäe Reaalkool,2016/17,52,Eesti keel teise keelena riigieksam,85.6,88.5
Tallinna Tõnismäe Reaalkool,2016/17,25,Kitsa matemaatika riigieksam,63,66
Tallinna Tõnismäe Reaalkool,2016/17,27,Laia matemaatika riigieksam,62.1,66
Tallinna Õismäe Gümnaasium,2016/17,37,Eesti keele riigieksam,62.1,61
Tallinna Õismäe Gümnaasium,2016/17,15,Kitsa matemaatika riigieksam,31.9,34
Tallinna Õismäe Gümnaasium,2016/17,23,Laia matemaatika riigieksam,54.4,54
Tallinna Õismäe Vene Lütseum,2016/17,51,Eesti keel teise keelena riigieksam,84.4,88
Tallinna Õismäe Vene Lütseum,2016/17,20,Kitsa matemaatika riigieksam,44,41.5
Tallinna Õismäe Vene Lütseum,2016/17,31,Laia matemaatika riigieksam,42.3,39
Tallinna Ühisgümnaasium,2016/17,71,Eesti keele riigieksam,62.5,63
Tallinna Ühisgümnaasium,2016/17,36,Kitsa matemaatika riigieksam,31.4,28.5
Tallinna Ühisgümnaasium,2016/17,35,Laia matemaatika riigieksam,45.4,44
Vanalinna Hariduskolleegium,2016/17,96,Eesti keele riigieksam,70.1,70.5
Vanalinna Hariduskolleegium,2016/17,18,Kitsa matemaatika riigieksam,41.3,40.5
Vanalinna Hariduskolleegium,2016/17,79,Laia matemaatika riigieksam,52.2,54
